Ontology, No. of modules ,Time ,HOMO ,HEMO ,rel. Size
ABA-AMB.owl,17,6.2860000000000005,0.10696296256143792,0.42059145673603504,0.015662770568483232